ID	Weight	Dimension	Cost	Route	R_Cost	R_Weight	R_Dimension
0	285.0	285.0	0.0	[0, 9, 3, 8, 6, 1, 5, 4, 0]	97.7090667783811	252.0	252.0
1	280.0	280.0	0.0	[0, 10, 14, 12, 13, 11, 7, 2, 0]	112.73822468523457	275.0	275.0
2	500.0	500.0	500.0				
3	350.0	350.0	460.0				
4	300.0	300.0	300.0				
